{
  "fill" : {
    "automatic-gradient" : "extended-srgb:0.00000,0.53333,1.00000,1.00000"
  },
  "groups" : [
    {
      "layers" : [
        {
          "fill" : {
            "solid" : "srgb:1.00000,1.00000,1.00000,1.00000"
          },
          "hidden" : false,
          "image-name" : "suq3g6tux1smkjdle6u.svg",
          "name" : "suq3g6tux1smkjdle6u",
          "position" : {
            "scale" : 1,
            "translation-in-points" : [
              3.5,
              -8.796875
            ]
          }
        }
      ],
      "shadow" : {
        "kind" : "neutral",
        "opacity" : 0.5
      },
      "translucency" : {
        "enabled" : true,
        "value" : 0.5
      }
    },
    {
      "layers" : [
        {
          "blend-mode" : "hard-light",
          "fill" : "none",
          "glass" : true,
          "hidden" : false,
          "image-name" : "shield.svg",
          "name" : "shield",
          "position" : {
            "scale" : 1,
            "translation-in-points" : [
              0,
              0
            ]
          }
        },
        {
          "blend-mode-specializations" : [
            {
              "value" : "overlay"
            },
            {
              "appearance" : "dark",
              "value" : "overlay"
            }
          ],
          "hidden" : false,
          "image-name" : "border.svg",
          "name" : "border",
          "opacity-specializations" : [
            {
              "value" : 0.4
            },
            {
              "appearance" : "dark",
              "value" : 0.7
            }
          ],
          "position" : {
            "scale" : 1,
            "translation-in-points" : [
              0,
              0
            ]
          }
        },
        {
          "image-name" : "background.svg",
          "name" : "background",
          "opacity" : 1,
          "position" : {
            "scale" : 1,
            "translation-in-points" : [
              0,
              0
            ]
          }
        }
      ],
      "shadow" : {
        "kind" : "neutral",
        "opacity" : 0.5
      },
      "translucency" : {
        "enabled" : true,
        "value" : 0.5
      }
    }
  ],
  "supported-platforms" : {
    "circles" : [
      "watchOS"
    ],
    "squares" : "shared"
  }
}